21S4FX67619Z3Z,253
QFEVF20QYZ66SU,147
90JV0315PK9S10,202
LN30YAZ2H60LD4,74
7F8289TP01K6YC,323
423P1E0587FW7X,36
0N23L4MGG6N233,299
Y115IB0MH5374V,35
02XV539T2D678F,193
ICS0444S88YCQE,83
927JI644K2IZ54,101
A8SZ1QT0167IR5,183
15VW5NKP7O5I4W,217
KKJJJ9PB7QPW07,204
3YZFL91NCD56R6,289
1P0TUH0P97A50V,162
4LQR1161AZ09WJ,255
FAY45Q6715404X,112
046C9SI5YSMHZ5,292
4XD27URB5I86X7,263
302O053E6GO7Z1,74
D979K8RKAP31X1,120
WCJ2ET40P8HDG4,91
R0GI404V2H814K,307
F192ZW1E35BXB0,295
XRVTFXGWOPDOIL,267
465AIJ5VI9697R,318
218273P9JXC289,244
G8M240UIWCZ7WP,280
40XK5PHU7NJZXL,320
LTBYX3D8202862,116
0AK60A53X2A10S,254
Z59IM914WOT32S,224
I90JUG3B7V0U7I,150
S75839ZXI88V9H,210
51D6G9H0GJLJY3,228
H567W2856YY3AX,118
HJ6FM9FYKM6AMQ,52
WB754JT7LX6QO7,239
2Y632H19030079,315
35D2YXLM55G1QB,57
J6WZ83MCIQT599,226
7Z4YER1S6UC6YQ,20
5445MNP4L77I02,243
8LC52WN58BFSP7,121
59RLYN9EU14IB2,16
Q224N4C6825M5L,223
Q2LNTV55E224O6,180
086K2OD4HP85NE,125
S4PT66ORRI7104,182
BO128Y2466E3SI,298
3842X4MN513389,255
14X95SS0W104K9,301
2NX2ZXIPGF36L0,133
K9F044D43LMKS2,194
N720A0ZVC8E8E7,216
E53HF690PNOZH3,73
0W25ZIMVJF6U1O,286
E1R4928JMX19L6,290
4FG1W64Y6C842A,102
9YVITTL200287G,5
F69M4P61I8K742,310
DJL98M648K4AY9,170
9ZY6VC46O86W7W,147
B5PQ9U5WLP1WO4,171
MM496R1IR15A02,188
3D85052C827NP4,277
TMVGLZ2ZR44MIB,78
YZ231PR0G2F10A,301
2FCQ71XT5F7B31,283
PQ92HJ24PF4I0L,8
423218W29UP2Z4,67
92R772Y7R42JDF,12
72TI8NWM22I1T6,325
A76DXKFDE2ZS9P,64
2EVHK385O7614B,322
UUW2878MRW3G2Z,176
A0U5ZZ7J5V051K,161
OIF4BZRPA0TR7Q,295
KJE500PB43WD9P,79
D5079QEJ0M9C5K,160
5E984NM3H6V584,134
F5C5NX6RS1JVSG,155
PY8I64L2M0VYI8,157
07SD4AT2UCL2Q1,86
X99JY08OGX69J8,8
VNX33PQY2DCA58,82
98Q0W4S4RBJ6N0,28
79R1YK8P4279V1,228
6T1RU6643BYSUY,220
K3350RSSWLD23Z,265
P37FSEWKIX4977,82
0H6Q0MXC4H200U,203
5O6PGP2I0946F0,251
HLD50FWP9AJX24,77
AMFZD085P6X96A,277
32T2W68RK3M44Z,26
1GZB4OI5IYST7N,146
2199F5E5I95H16,17
32UNZ87XN1Q42X,213
A1W2O3HO0BIP20,253
44DT077YS0YV72,135
I42618IP9KNP64,186
9MEH353213M990,273
6U20785P9WD147,221
X2Y3M61FUZTCQF,144
Z3GX8A59576VR9,289
2Q7Y84D159YRAD,221
E6JY6J3W158KBG,252
WSX3YF45FDD789,224
TQ23852THA6SED,248
K75IHV835XB8UH,322
H73L19DS0AT279,58
NE3572Z6I63986,263
KF8LM0764T5L3N,186
EP20UQI875X6J1,231
X07C0ZD1Q7A4QL,213
347S3K4MR4500C,212
94K23IO0CY68A0,242
3IBD61167VF84A,141
LMIZAI432JE55Y,256
X29M93CHXN849M,121
5NC2071MLWG54H,317
5353WQ9R1Z95DT,188
1ET665A1CSP4O3,240
U2DU75H30Q78N5,169
NFZ39487184SP8,182
UVVU0IKF47F448,125
713986YGO1V5OW,314
Y9HOAQU06O21RY,121
XHXNSTM56Z7803,109
91134D984YNRQQ,105
CXS9WA0DR6USW7,129
S4YF2V10LQBX4K,40
570K5Z0ZLB032G,139
B4G33GV8GWCV72,292
QS55V00B5X3SBX,263
K2K467E9WVQSG3,141
ERGEUG5023LD7H,212
J9U34Q96NJ27R5,57
LGF799S311H14Y,204
8GMJTV5YR3L8RZ,77
0BV437V9GRK507,287
SHH1K4808O0721,93
L71F7U104OD5FU,310
9CB891TRG89UAF,235
U4IR6K091ENQG0,283
9A48Q45BJP85X8,252
9Z8E1EZE83KK1O,140
I0WZM5OY648Z70,121
1H1373NXD2B4AV,228
3DK136I7IR0AL8,158
GUZ64G246DE224,96
YMZ4A8ES7B763C,215
Q0BF35PJ82T7QP,209
5H4U79LS103743,128
VBK61S7ZS35G51,20
324770ZV3Z384S,312
2V5ZNK82EMK0JF,232
U0AC9RP4B1L6K2,316
1T308IT46MV137,34
9Y46S6S462X8WR,202
GMQHA4ESXZ14F0,29
Q8IAMIJP0O2L4C,279
J3YT4M89R32W2V,299
2V96R6080S65AU,253
U1S47IC129I577,310
IY079B84U3I592,292
TI6P0HJ7IP2PV4,182
XXNC76YA1P0A6B,150
TCZI3BP3CG68BL,196
K91844Y39GWA1M,190
4EM7XOV8B519IG,101
673UBXWO1V6VB1,285
S42757DEZY04R1,139
W58Y149NVR7573,168
NO0LE2T392T8QA,97
QUCN66CF71B46Z,99
JGL70X653190PI,197
N0BFJ400MG6KD3,119
G3R2P5S1QW13NM,176
WJS6HP98R56E9O,223
GEWYE42CTM5OGB,72
KDTBR41D13C733,20
0A22U42EE25HD5,291
R9DVV76URW958I,246
F88945UPAZUE0N,274
HAE0661A250JWQ,79
39LROZX5S5BO8S,295
424NLC176QT201,204
64LME9VK6DZE99,74
38BO8U0982QV39,192
Z5BLFV29D3KQBD,141
02R5YCFID0DWCT,210
04FI48YZ21BGJ9,26
7S415UNA47A53K,315
979E4C421AKB1O,172
Z9V42Y0823OQPF,43
KE085G4SO09KIF,319
TP7T50136MU45K,284
B9476AN82KXX8S,170
1J0S6TEM6N95S6,177
441WQR4T9C1865,232
5766B525QN07VC,214
93FPQF53J7M00N,215
I5B36ATG049EXN,218
2W593R10DRVMRL,314
NJZ550687O3M62,40
671CE2B0CS916V,313
EOJEM544S81K91,12
543ABGEI759032,148
M223PVDQS1SELB,152
OPX48TLFY3SE18,139
QACV70RZGC1R03,49
U5CS6BH54T6KQ7,152
NLEEJ4LGA50JE6,81
S6QBWQ59RAO332,165
CR20W7JDYT1Z78,198
T4KQ30CZ525V2Y,197
LNX136E4W08QKK,291
08H5U8535A0335,21
XL9K87537EK3N8,200
74T76U50D45821,180
087OV7V915ZWH3,4
52E64599WY4CVL,41
X4015V87E4225W,36
7993B51463HXF0,226
2FSG6Q2TUYWPAK,85
72V2B8A2JF9D3Q,171
PHCX9BBACQ1U5Q,161
70ZLC8H5A8B054,49
6C9RUF242JNI84,269
4X40VD6XL65DHZ,20
0730U9K32784EJ,266
4QVQRX0D7ODCR9,46
TZHCU6K769KPPM,289
41T61N93T9Y0U1,311
0ZO4F60117C9ZH,299
A6IGLU2Y8CA9S6,23
1IB250JV91194J,203
635JZQJ9I20535,95
P96RVIK32CVL2J,313
RG8MSO23TK0UBA,253
260F9S461RYQSA,289
2D644PX79X0550,106
9X3AA80VSF538Z,189
V78DUVD88LYS44,41
G0I1C59K29U71I,273
EM7P11QHJ02JM2,226
HLM954ZMXRALH8,113
BV3L5P87H0SNT3,84
J2613UTJ1YOGTU,293
81TSAPU5DOG89V,31
5AY60986GI5JXP,312
1R0290T4SCVO3E,179
P295IVQ9QT2M6G,244
91C0936ZWA425X,109
RW3375GU939FLQ,135
QNZXS6H56EO6X5,320
P6LW80HQO584H3,47
GOLH0454E10AG9,223
31R4AV6IQ2247V,90
67U90BM9NCR1UZ,113
95UWN16B8T749F,197
1DCILJ7164IV9A,6
14D1HS8TH26D58,17
JB2853E35M1O67,29
44IJFARDOWBAIX,311
8RTU5Z2901GBU4,232
FEZ5P4A761214I,95
55D20J871D52VB,26
7J75A2UE52UM87,224
7E1OE97OFCCZ8Z,267
6R0I39PG6LZN45,96
OKO12BQP65DN00,229
2O14H90VG317KW,210
2XUJ99W5131KT4,230
CA3GXZOBT3P4XG,134
0TVO2DN1955SDZ,217
DJ9B5XB7IRPH89,230
Y95E6P29BIH30F,115
F156QKNRJ273KP,52
QBW33FLZONAMLE,275
BDB16416J2SPD4,80
80E907VHOI90S6,14
L845L941QOM36E,182
NI28YR2TAI3IUM,77
T46ZTE081EO0WV,127
WTO5456Z914Z2M,311
0SG9ES16RHQ61Q,225
4VH0824RO6624G,266
220746E0LQO686,126
UM2V75SX20828H,35
926Z2ZC8T8112C,94
KF8SNSZ89JFJL7,208
8KZM042PSY08V9,257
KY7IJY201D3997,323
0N6U12I0CFLZUW,264
95778158OHK0TI,61
7M97ZXT4C60N0T,247
