1,WJS6HP98R56E9O,N,470
2,JB2853E35M1O67,N,288
3,EOJEM544S81K91,S,148
4,JGL70X653190PI,S,244
5,E53HF690PNOZH3,N,499
6,93FPQF53J7M00N,N,140
7,X99JY08OGX69J8,N,59
8,R0GI404V2H814K,N,36
9,6T1RU6643BYSUY,S,20
10,JB2853E35M1O67,N,17
11,S42757DEZY04R1,N,289
12,92R772Y7R42JDF,N,354
13,673UBXWO1V6VB1,S,487
14,1J0S6TEM6N95S6,N,259
15,UUW2878MRW3G2Z,N,96
16,32UNZ87XN1Q42X,S,209
17,KDTBR41D13C733,N,231
18,S4YF2V10LQBX4K,S,213
19,J6WZ83MCIQT599,S,280
20,9MEH353213M990,S,17
21,2Q7Y84D159YRAD,N,151
22,U0AC9RP4B1L6K2,N,346
23,2199F5E5I95H16,N,481
24,S6QBWQ59RAO332,S,404
25,G0I1C59K29U71I,S,4
26,ICS0444S88YCQE,S,341
27,2W593R10DRVMRL,S,121
28,218273P9JXC289,S,20
29,S42757DEZY04R1,S,376
30,K75IHV835XB8UH,N,256
31,423P1E0587FW7X,N,138
32,1P0TUH0P97A50V,N,45
33,3YZFL91NCD56R6,N,79
34,347S3K4MR4500C,S,88
35,I0WZM5OY648Z70,N,466
36,XHXNSTM56Z7803,S,42
37,32UNZ87XN1Q42X,S,213
38,P96RVIK32CVL2J,S,21
39,QACV70RZGC1R03,N,448
40,5766B525QN07VC,N,148
41,K2K467E9WVQSG3,S,332
42,X07C0ZD1Q7A4QL,N,228
43,QUCN66CF71B46Z,S,400
44,2FSG6Q2TUYWPAK,N,437
45,7E1OE97OFCCZ8Z,N,470
46,423P1E0587FW7X,N,161
47,91134D984YNRQQ,S,175
48,39LROZX5S5BO8S,S,331
49,218273P9JXC289,S,218
50,465AIJ5VI9697R,S,89
51,WSX3YF45FDD789,S,334
52,F69M4P61I8K742,N,195
53,WSX3YF45FDD789,N,435
54,UUW2878MRW3G2Z,S,472
55,KY7IJY201D3997,S,490
56,F5C5NX6RS1JVSG,S,498
57,EP20UQI875X6J1,S,396
58,1T308IT46MV137,N,33
59,E53HF690PNOZH3,N,64
60,A76DXKFDE2ZS9P,S,389
61,94K23IO0CY68A0,N,500
62,UUW2878MRW3G2Z,S,128
63,423P1E0587FW7X,N,350
64,QUCN66CF71B46Z,S,220
65,DJL98M648K4AY9,N,180
66,32T2W68RK3M44Z,S,139
67,OKO12BQP65DN00,N,110
68,N720A0ZVC8E8E7,S,180
69,4LQR1161AZ09WJ,S,186
70,94K23IO0CY68A0,S,365
71,8LC52WN58BFSP7,N,488
72,L71F7U104OD5FU,N,59
73,W58Y149NVR7573,S,243
74,3D85052C827NP4,N,251
75,QUCN66CF71B46Z,S,165
76,70ZLC8H5A8B054,N,137
77,I90JUG3B7V0U7I,S,352
78,74T76U50D45821,N,206
79,1J0S6TEM6N95S6,S,275
80,GOLH0454E10AG9,S,232
81,I0WZM5OY648Z70,N,364
82,LTBYX3D8202862,S,347
83,91134D984YNRQQ,N,233
84,0N23L4MGG6N233,S,276
85,4VH0824RO6624G,S,386
86,WJS6HP98R56E9O,N,246
87,1IB250JV91194J,S,427
88,4QVQRX0D7ODCR9,N,302
89,14X95SS0W104K9,S,1
90,2Y632H19030079,S,176
91,LN30YAZ2H60LD4,N,298
92,02R5YCFID0DWCT,N,309
93,P96RVIK32CVL2J,N,454
94,2Q7Y84D159YRAD,S,277
95,X29M93CHXN849M,N,447
96,GEWYE42CTM5OGB,S,170
97,Q224N4C6825M5L,S,442
98,TZHCU6K769KPPM,N,440
99,X07C0ZD1Q7A4QL,N,330
100,7J75A2UE52UM87,N,20
101,1ET665A1CSP4O3,S,308
102,51D6G9H0GJLJY3,N,379
103,HAE0661A250JWQ,S,422
104,BDB16416J2SPD4,S,32
105,LGF799S311H14Y,N,315
106,B4G33GV8GWCV72,S,457
107,0N23L4MGG6N233,S,212
108,WJS6HP98R56E9O,S,298
109,8RTU5Z2901GBU4,S,84
110,0H6Q0MXC4H200U,N,330
111,P6LW80HQO584H3,N,463
112,F69M4P61I8K742,N,100
113,0H6Q0MXC4H200U,S,36
114,2D644PX79X0550,S,13
115,424NLC176QT201,S,247
116,VNX33PQY2DCA58,N,422
117,K91844Y39GWA1M,S,373
118,7E1OE97OFCCZ8Z,S,47
119,TZHCU6K769KPPM,S,145
120,I90JUG3B7V0U7I,S,407
121,K91844Y39GWA1M,N,40
122,VNX33PQY2DCA58,N,184
123,U2DU75H30Q78N5,N,236
124,3YZFL91NCD56R6,N,160
125,AMFZD085P6X96A,N,400
126,S4YF2V10LQBX4K,S,378
127,ERGEUG5023LD7H,N,277
128,R0GI404V2H814K,S,425
129,80E907VHOI90S6,N,56
130,15VW5NKP7O5I4W,S,258
131,R0GI404V2H814K,N,262
132,PY8I64L2M0VYI8,N,105
133,2V5ZNK82EMK0JF,N,136
134,X2Y3M61FUZTCQF,S,29
135,70ZLC8H5A8B054,N,309
136,67U90BM9NCR1UZ,N,15
137,ERGEUG5023LD7H,S,162
138,T46ZTE081EO0WV,S,239
139,RG8MSO23TK0UBA,S,494
140,NLEEJ4LGA50JE6,N,44
141,67U90BM9NCR1UZ,S,61
142,Q8IAMIJP0O2L4C,N,82
143,QFEVF20QYZ66SU,N,453
144,LGF799S311H14Y,N,434
145,81TSAPU5DOG89V,N,440
146,Z3GX8A59576VR9,S,114
147,1GZB4OI5IYST7N,S,232
148,046C9SI5YSMHZ5,N,499
149,2O14H90VG317KW,N,443
150,ERGEUG5023LD7H,S,257
151,5NC2071MLWG54H,S,158
152,44DT077YS0YV72,N,48
153,8KZM042PSY08V9,N,342
154,KF8LM0764T5L3N,S,56
155,BO128Y2466E3SI,N,149
156,324770ZV3Z384S,S,335
157,CXS9WA0DR6USW7,S,158
158,F156QKNRJ273KP,N,212
159,9Z8E1EZE83KK1O,S,374
160,T4KQ30CZ525V2Y,N,287
161,S6QBWQ59RAO332,N,272
162,1J0S6TEM6N95S6,S,415
163,S4YF2V10LQBX4K,S,85
164,F88945UPAZUE0N,S,325
165,7J75A2UE52UM87,N,196
166,570K5Z0ZLB032G,N,288
167,H567W2856YY3AX,S,200
168,NE3572Z6I63986,N,185
169,K2K467E9WVQSG3,S,281
170,CXS9WA0DR6USW7,S,54
171,1DCILJ7164IV9A,N,308
172,XHXNSTM56Z7803,S,51
173,J3YT4M89R32W2V,N,449
174,QNZXS6H56EO6X5,N,195
175,9CB891TRG89UAF,S,223
176,LTBYX3D8202862,N,435
177,02R5YCFID0DWCT,S,113
178,40XK5PHU7NJZXL,S,361
179,UVVU0IKF47F448,S,133
180,90JV0315PK9S10,N,372
181,44DT077YS0YV72,S,368
182,P295IVQ9QT2M6G,N,299
183,SHH1K4808O0721,S,360
184,WSX3YF45FDD789,S,32
185,T4KQ30CZ525V2Y,N,337
186,HLM954ZMXRALH8,S,455
187,OPX48TLFY3SE18,S,88
188,S6QBWQ59RAO332,N,354
189,U0AC9RP4B1L6K2,N,410
190,E6JY6J3W158KBG,N,36
191,38BO8U0982QV39,S,459
192,OKO12BQP65DN00,S,223
193,5353WQ9R1Z95DT,N,331
194,D5079QEJ0M9C5K,N,89
195,5766B525QN07VC,S,54
196,Z9V42Y0823OQPF,N,413
197,I42618IP9KNP64,S,371
198,LTBYX3D8202862,S,402
199,A1W2O3HO0BIP20,S,412
200,0SG9ES16RHQ61Q,S,216
201,M223PVDQS1SELB,N,48
202,H567W2856YY3AX,N,395
203,07SD4AT2UCL2Q1,S,237
204,2199F5E5I95H16,N,176
205,81TSAPU5DOG89V,N,347
206,X2Y3M61FUZTCQF,S,312
207,KDTBR41D13C733,S,384
208,BDB16416J2SPD4,S,202
209,GOLH0454E10AG9,N,317
210,HLD50FWP9AJX24,N,47
211,I0WZM5OY648Z70,S,164
212,926Z2ZC8T8112C,N,375
213,0A22U42EE25HD5,N,161
214,M223PVDQS1SELB,S,173
215,3D85052C827NP4,N,120
216,14X95SS0W104K9,N,61
217,WTO5456Z914Z2M,S,41
218,90JV0315PK9S10,S,87
219,P37FSEWKIX4977,S,198
220,QBW33FLZONAMLE,S,425
221,465AIJ5VI9697R,S,358
222,91C0936ZWA425X,S,134
223,U5CS6BH54T6KQ7,S,107
224,7J75A2UE52UM87,S,362
225,80E907VHOI90S6,S,245
226,046C9SI5YSMHZ5,S,154
227,ICS0444S88YCQE,N,345
228,VNX33PQY2DCA58,N,248
229,U5CS6BH54T6KQ7,N,73
230,087OV7V915ZWH3,N,404
231,2V5ZNK82EMK0JF,S,355
232,NI28YR2TAI3IUM,N,153
233,44DT077YS0YV72,N,490
234,G8M240UIWCZ7WP,N,375
235,HLD50FWP9AJX24,S,243
236,1ET665A1CSP4O3,N,97
237,X2Y3M61FUZTCQF,S,179
238,Y115IB0MH5374V,N,49
239,NO0LE2T392T8QA,N,9
240,0H6Q0MXC4H200U,S,329
241,F156QKNRJ273KP,S,227
242,KF8LM0764T5L3N,S,153
243,2NX2ZXIPGF36L0,N,34
244,P6LW80HQO584H3,N,216
245,BV3L5P87H0SNT3,N,412
246,713986YGO1V5OW,N,108
247,E6JY6J3W158KBG,S,79
248,2199F5E5I95H16,S,60
249,44DT077YS0YV72,S,21
250,9Z8E1EZE83KK1O,N,300
251,TP7T50136MU45K,N,447
252,ICS0444S88YCQE,N,187
253,HAE0661A250JWQ,S,211
254,PHCX9BBACQ1U5Q,S,373
255,Z9V42Y0823OQPF,N,39
256,LTBYX3D8202862,N,38
257,K3350RSSWLD23Z,N,409
258,713986YGO1V5OW,S,247
259,CXS9WA0DR6USW7,S,88
260,0A22U42EE25HD5,S,476
261,0BV437V9GRK507,N,481
262,OKO12BQP65DN00,S,50
263,324770ZV3Z384S,N,283
264,TI6P0HJ7IP2PV4,N,9
265,086K2OD4HP85NE,N,153
266,K91844Y39GWA1M,S,187
267,8GMJTV5YR3L8RZ,N,243
268,31R4AV6IQ2247V,S,233
269,9Z8E1EZE83KK1O,N,340
270,671CE2B0CS916V,S,249
271,S4YF2V10LQBX4K,N,6
272,A76DXKFDE2ZS9P,S,16
273,543ABGEI759032,N,191
274,7M97ZXT4C60N0T,N,461
275,2NX2ZXIPGF36L0,N,390
276,KF8SNSZ89JFJL7,S,320
277,QS55V00B5X3SBX,N,484
278,5NC2071MLWG54H,S,498
279,1P0TUH0P97A50V,N,268
280,EP20UQI875X6J1,N,422
281,44IJFARDOWBAIX,N,181
282,926Z2ZC8T8112C,S,359
283,LTBYX3D8202862,S,171
284,44IJFARDOWBAIX,S,20
285,1J0S6TEM6N95S6,N,493
286,35D2YXLM55G1QB,N,307
287,5E984NM3H6V584,S,410
288,979E4C421AKB1O,S,224
289,98Q0W4S4RBJ6N0,S,140
290,E53HF690PNOZH3,N,161
291,A76DXKFDE2ZS9P,N,343
292,0AK60A53X2A10S,N,19
293,8KZM042PSY08V9,S,247
294,98Q0W4S4RBJ6N0,S,286
295,302O053E6GO7Z1,S,445
296,2NX2ZXIPGF36L0,N,401
297,X2Y3M61FUZTCQF,N,143
298,F5C5NX6RS1JVSG,S,65
299,93FPQF53J7M00N,N,361
300,046C9SI5YSMHZ5,S,12
301,81TSAPU5DOG89V,S,49
302,14X95SS0W104K9,N,180
303,E53HF690PNOZH3,S,267
304,55D20J871D52VB,S,145
305,5O6PGP2I0946F0,S,430
306,S4PT66ORRI7104,N,376
307,Y9HOAQU06O21RY,N,154
308,G3R2P5S1QW13NM,N,21
309,EOJEM544S81K91,S,99
310,5E984NM3H6V584,N,60
311,Y9HOAQU06O21RY,S,366
312,979E4C421AKB1O,N,352
313,44IJFARDOWBAIX,S,246
314,SHH1K4808O0721,S,249
315,T4KQ30CZ525V2Y,S,404
316,Y9HOAQU06O21RY,S,281
317,GEWYE42CTM5OGB,S,111
318,F156QKNRJ273KP,N,91
319,70ZLC8H5A8B054,S,224
320,J6WZ83MCIQT599,S,476
321,NE3572Z6I63986,N,63
322,3IBD61167VF84A,S,204
323,0TVO2DN1955SDZ,N,317
324,92R772Y7R42JDF,S,338
325,32T2W68RK3M44Z,N,209
326,72TI8NWM22I1T6,N,291
327,31R4AV6IQ2247V,N,489
328,1H1373NXD2B4AV,S,191
329,P96RVIK32CVL2J,S,384
330,7J75A2UE52UM87,N,441
331,4LQR1161AZ09WJ,N,446
332,Z59IM914WOT32S,S,234
333,21S4FX67619Z3Z,N,280
334,14D1HS8TH26D58,N,389
335,94K23IO0CY68A0,N,437
336,0W25ZIMVJF6U1O,S,201
337,046C9SI5YSMHZ5,N,265
338,9X3AA80VSF538Z,S,193
339,W58Y149NVR7573,N,137
340,X07C0ZD1Q7A4QL,S,10
341,3IBD61167VF84A,S,247
342,BV3L5P87H0SNT3,N,43
343,04FI48YZ21BGJ9,S,64
344,H567W2856YY3AX,S,94
345,80E907VHOI90S6,S,31
346,9X3AA80VSF538Z,S,114
347,0AK60A53X2A10S,N,107
348,9CB891TRG89UAF,N,359
349,VNX33PQY2DCA58,S,275
350,LGF799S311H14Y,S,269
351,A0U5ZZ7J5V051K,S,87
352,5O6PGP2I0946F0,N,454
353,NFZ39487184SP8,N,398
354,B9476AN82KXX8S,N,80
355,KDTBR41D13C733,N,494
356,4LQR1161AZ09WJ,N,46
357,A8SZ1QT0167IR5,S,98
358,6C9RUF242JNI84,N,490
359,32UNZ87XN1Q42X,S,225
360,CA3GXZOBT3P4XG,N,229
361,2NX2ZXIPGF36L0,N,81
362,5353WQ9R1Z95DT,S,267
363,S4YF2V10LQBX4K,S,161
364,JGL70X653190PI,S,279
365,9CB891TRG89UAF,S,133
366,E1R4928JMX19L6,N,316
367,FAY45Q6715404X,N,228
368,KJE500PB43WD9P,N,265
369,8GMJTV5YR3L8RZ,S,212
370,44IJFARDOWBAIX,S,468
371,51D6G9H0GJLJY3,N,424
372,GUZ64G246DE224,S,75
373,UM2V75SX20828H,S,109
374,424NLC176QT201,S,17
375,4X40VD6XL65DHZ,N,334
376,EOJEM544S81K91,N,41
377,WJS6HP98R56E9O,S,235
378,74T76U50D45821,N,212
379,F192ZW1E35BXB0,N,319
380,OKO12BQP65DN00,N,207
381,KJE500PB43WD9P,S,203
382,1IB250JV91194J,N,361
383,3D85052C827NP4,N,264
384,L71F7U104OD5FU,S,61
385,2199F5E5I95H16,S,255
386,UVVU0IKF47F448,S,125
387,51D6G9H0GJLJY3,S,452
388,H73L19DS0AT279,S,367
389,L71F7U104OD5FU,N,82
390,CA3GXZOBT3P4XG,N,330
391,3YZFL91NCD56R6,S,184
392,E6JY6J3W158KBG,N,316
393,5H4U79LS103743,N,126
394,XL9K87537EK3N8,S,293
395,55D20J871D52VB,S,429
396,UM2V75SX20828H,N,302
397,HAE0661A250JWQ,S,278
398,F88945UPAZUE0N,S,247
399,347S3K4MR4500C,N,183
400,9CB891TRG89UAF,N,153
401,HLD50FWP9AJX24,S,266
402,15VW5NKP7O5I4W,N,148
403,F69M4P61I8K742,N,333
404,DJ9B5XB7IRPH89,N,402
405,CA3GXZOBT3P4XG,N,319
406,2199F5E5I95H16,S,441
407,5445MNP4L77I02,N,51
408,0N6U12I0CFLZUW,N,353
409,5E984NM3H6V584,S,14
410,YMZ4A8ES7B763C,N,313
411,4EM7XOV8B519IG,N,29
412,QUCN66CF71B46Z,N,184
413,P37FSEWKIX4977,S,437
414,3YZFL91NCD56R6,N,29
415,2XUJ99W5131KT4,N,490
416,LGF799S311H14Y,S,400
417,X99JY08OGX69J8,N,339
418,7S415UNA47A53K,S,248
419,QS55V00B5X3SBX,S,170
420,PY8I64L2M0VYI8,S,213
421,H567W2856YY3AX,N,365
422,OKO12BQP65DN00,N,116
423,NFZ39487184SP8,S,77
424,RW3375GU939FLQ,S,307
425,QFEVF20QYZ66SU,N,295
426,U4IR6K091ENQG0,S,261
427,LN30YAZ2H60LD4,S,191
428,U4IR6K091ENQG0,S,382
429,087OV7V915ZWH3,N,456
430,1H1373NXD2B4AV,S,69
431,424NLC176QT201,N,301
432,T46ZTE081EO0WV,S,434
433,P37FSEWKIX4977,S,133
434,260F9S461RYQSA,S,178
435,6U20785P9WD147,N,18
436,DJ9B5XB7IRPH89,S,397
437,CXS9WA0DR6USW7,N,400
438,087OV7V915ZWH3,S,64
439,A8SZ1QT0167IR5,S,284
440,Z59IM914WOT32S,N,91
441,64LME9VK6DZE99,S,407
442,218273P9JXC289,N,379
443,F88945UPAZUE0N,N,107
444,F88945UPAZUE0N,N,302
445,U0AC9RP4B1L6K2,N,104
446,QNZXS6H56EO6X5,N,322
447,4EM7XOV8B519IG,N,331
448,220746E0LQO686,N,313
449,4QVQRX0D7ODCR9,S,181
450,D5079QEJ0M9C5K,N,209
