1,69,IH776VM6
2,87,U588U7NL
3,75,B0455B46
4,67,D7HKXA7A
5,93,B7J9330W
6,66,I7S6CY55
7,24,ZNE2S15V
8,27,OUUKAYY6
9,11,II1530HN
10,100,D7HKXA7A
11,90,IH776VM6
12,81,B0455B46
13,76,R5V5BNMF
14,92,S3Y181RS
15,39,R5V5BNMF
16,47,A1Z0OX83
17,92,II1530HN
18,78,W3443TE5
19,7,ZT629SN7
20,70,I2EPC281
21,57,CA6A5KC2
22,93,J3J343OM
23,62,R5V5BNMF
24,25,YK7P7I99
25,53,XO5EER3A
26,76,N1AKJ8P5
27,38,MP166CKE
28,66,IH776VM6
29,31,ZA0EGN20
30,75,J3J343OM
31,22,U987SI42
32,85,WW59DL02
33,49,GYMA6DT5
34,100,D7HKXA7A
35,56,Q3U08259
36,3,II1530HN
37,39,J76D1KXN
38,100,R900Z5T0
39,14,S4U1EIA6
40,70,IH776VM6
41,19,XZ3F3K96
42,39,J3J343OM
43,91,W29FF1ME
44,47,ZA0EGN20
45,31,IU48BR6G
46,54,C4M7RYT5
47,94,B7J9330W
48,8,LN6U69Z6
49,51,R900Z5T0
50,12,GYMA6DT5
51,45,R5V5BNMF
52,94,A1Z0OX83
53,29,I2EPC281
54,61,JN24S7HA
55,16,G84O86K6
56,44,IH776VM6
57,78,B0455B46
58,1,BFU3612O
59,52,N44Q741F
60,78,GYMA6DT5
61,67,G84O86K6
62,2,II1530HN
63,65,U588U7NL
64,33,ZT629SN7
65,25,ZA6LC3PQ
66,83,TIEJG1VV
67,43,J3J343OM
68,40,WW59DL02
69,67,H5WI3AD1
70,28,Y7GX6X3Y
71,61,GYMA6DT5
72,78,ZNE2S15V
73,25,RWPTI6LA
74,88,I7S6CY55
75,60,R5V5BNMF
76,13,YMXYQU0P
77,76,RTH1CKX8
78,42,KDMK79D5
79,60,CANAR7J0
80,24,Q3U08259
81,37,R900Z5T0
82,61,W29FF1ME
83,33,P5QS1G7H
84,70,ZA0EGN20
85,77,PZZ1449T
86,7,KDMK79D5
87,91,U588U7NL
88,58,HBFWP7QQ
89,58,KDMK79D5
90,41,U15T3B58
91,54,UX8N109O
92,60,C4M7RYT5
93,77,S4U1EIA6
94,36,ZNE2S15V
95,72,M221739X
96,82,B7J9330W
97,33,D7HKXA7A
98,48,XZ3F3K96
99,18,S3Y181RS
100,14,R900Z5T0
101,47,ZA6LC3PQ
102,31,RL1F1900
103,85,B0455B46
104,65,IU48BR6G
105,55,GOC5ZI3H
106,78,B9NX9PQ8
107,82,JCQNP9P0
108,30,U588U7NL
109,31,UX8N109O
110,58,H5WI3AD1
111,69,CA6A5KC2
112,22,QP78W194
113,48,HHJD8ZRD
114,94,YMXYQU0P
115,51,WW59DL02
116,87,J76D1KXN
117,59,IU48BR6G
118,36,J3J343OM
119,85,K0F90INC
120,71,M221739X
121,94,XZ3F3K96
122,49,BFU3612O
123,75,SSOZVHVC
124,44,PZZ1449T
125,55,Y7GX6X3Y
126,8,QP78W194
127,17,YK7P7I99
128,15,N1AKJ8P5
129,56,RWPTI6LA
130,70,I7S6CY55
131,100,W29FF1ME
132,74,N44Q741F
133,65,ZA6LC3PQ
134,58,XO5EER3A
135,61,B9NX9PQ8
136,57,R5V5BNMF
137,30,BFU3612O
138,77,OUUKAYY6
139,85,EX7Z0O96
140,65,LU11N645
141,77,W3443TE5
142,78,BFU3612O
143,21,W3443TE5
144,9,J76D1KXN
145,35,RTH1CKX8
146,5,IU48BR6G
147,22,I2EPC281
148,24,C9C91B0D
149,25,HHJD8ZRD
150,2,U987SI42
