73,CA6A5KC2
77,T69K9A18
46,B7J9330W
79,PZZ1449T
89,RA630MC2
15,Y7GX6X3Y
140,U987SI42
62,RTH1CKX8
88,W29FF1ME
27,D7HKXA7A
108,S3Y181RS
92,QP78W194
7,Y9J02PVL
86,QCO75924
131,HBFWP7QQ
90,IU48BR6G
36,M221739X
118,YK7P7I99
87,TXEV64YX
29,GYMA6DT5
141,B0455B46
140,ZA6LC3PQ
118,ZT629SN7
6,K0F90INC
14,UX8N109O
96,OUUKAYY6
117,TIEJG1VV
86,I7S6CY55
141,ZNE2S15V
136,C9C91B0D
34,YMXYQU0P
79,LN6U69Z6
130,S4U1EIA6
18,MP166CKE
68,P5QS1G7H
55,A1Z0OX83
138,C4M7RYT5
116,EX7Z0O96
65,BFU3612O
49,R5V5BNMF
124,XO5EER3A
149,J76D1KXN
150,WW59DL02
110,RL1F1900
13,KDMK79D5
32,N1AKJ8P5
99,RWPTI6LA
64,SSOZVHVC
4,II1530HN
60,SMZGG44P
4,I2EPC281
149,ZA0EGN20
146,H5WI3AD1
30,U588U7NL
45,CANAR7J0
8,KW2DHUI5
80,Y3L31C18
70,EZKHHV14
121,G84O86K6
119,IH776VM6
29,B9NX9PQ8
7,XZ3F3K96
134,Q3U08259
86,GOC5ZI3H
132,JCQNP9P0
34,TKTO813P
46,N44Q741F
98,JN24S7HA
16,W3443TE5
146,U15T3B58
8,J3J343OM
5,LU11N645
52,R900Z5T0
70,DZYW1HW9
146,HHJD8ZRD
