75,VWAIDGFN6A6K32
19,T7R20DX43185V2
57,ZF7JLK3YJS4464
127,401ISOI03SY4E7
150,D6X3QDI074S60E
93,1V9I4VPV3Y9LHY
14,26N4FB0504KTTB
27,HWS48F754P319X
20,E46PU232RRB1FO
127,4Y2X81J1U9387I
36,8HET68VDUDLX29
109,905251UGT9Q6IV
40,R8L1006I01F81F
49,FGD16UH148349H
12,R34RTA221COI1D
76,77IOD09RD3ELIL
14,9QM7DON79E3433
127,0A75U17EK33F5P
73,D55I258BDX17N1
35,0R1I72E3M6C3PS
69,75483W166I3S7W
37,J0DUOF2X0Z8MJ5
8,Q27J55A6836782
70,O314J0W1I23QL7
92,XXUF7MUNWOYLK2
86,2P6T0N49Q7T1DX
14,4HHRLNT43A314T
119,L8GX0C3IRFTYR3
97,FR2891982G70X3
45,71E7A84XOO86DI
130,4LR107RBQSZA00
21,X0FK6PP7S20DO4
139,128CO7F5N7DWI9
20,L73967XM570WM9
21,39DG14Q66NO41J
36,OE45XBUJG973HO
33,W90NFW9JZA89X6
51,2Y888DNU4FPX9P
118,RF04CU2HLPE5LW
101,565II4C39EVH6P
24,ZJFW3TO7W4KK0K
150,38D2517O7VQTH6
105,22W1171Z924EC7
120,4DRNPH974S9H56
91,ABWQ685WV68SBS
64,1LQR6PZC1425JA
69,M7WDKV7H0EOS68
69,EL9RJL05B54WG8
70,1870Q44C0I36SQ
137,S16SC1P4NU9992
54,5T5YF0379IFLO9
99,2T0MCIZ6K6DKNR
127,0CW0Y002DXI502
41,E3Q14I0OGQ9XL4
11,Q823RF7J9Q0679
52,TRY85U19308M34
62,3X749TA5DHI350
105,SL52Z03MI6ND2U
7,W71D549I26HS5A
2,77Z0ZW30E0QECU
112,WRXSYG4T4Y1426
58,1S8EF90NNK898O
139,L9SX024L3345R0
89,M08SYEIB430L9X
38,38S35GE8MAER18
71,5LPRU67S2TW4BV
130,90621T64HY753F
30,P38O3PNJK75AYQ
70,9PMWGFAXPW9OH3
41,03M4V129FEX3Z3
139,483731P0HPEU80
121,Q8J3AP10FQXVFZ
5,X3H3TIIBIGH6I9
137,6O81O6C6J69W2D
86,G0N852G67Z6K4I
